subreddit,title,selftext,upvote_ratio,ups,downs,score,num_comments,comments,url
Nepal,Saturday Tea Talk,"This is a weekly thread to talk about any topics freely with fellow Nepali dai, bhai, didi, bahini and friends. Think of it as the à¤šà¥‹à¤•à¤•à¥‹ à¤šà¤¿à¤¯à¤¾ à¤ªà¤¸à¤² that opens on Saturdays.  Most of the sub rules still apply but there is no need for the topic to be related to Nepal. Feel free to talk about the TV show you are binging, the latest sports news, your personal life story, international politics, and anything in between. 

So, what's up?",0.66,1,0,1,9,"Mangsir ma final exam chha mero maile padhna
 dherai try gare tara kehi milirako chaiana
Kehi tips chha | Moderator dai yar billa chha , mangsir ma exam chha etro kei pani aaudaina future ni dekhdina ,gharma ni over rin chha tihar dashain baal bhayena xutti ma ghar aayera ni jhan gharko abastha heryo biraktiyo gayo estai estai chha avg nepali jindagi | TIHAR aayo gayo, share market ma 1/2 wota Kura sikum vaneko i am so lost about where to start. Mostly the problem aduro knowledge cha tesile. So basic dekhi jum or jump gardai learn garam Taha xiana either way feels like I missed out alot of share market last 2/3 years ma. Is it too late to start guys? I am 27 aile. | [deleted] | There were a days when Saturday talk were so hot but now damn it has hit its very low",https://www.reddit.com/r/Nepal/comments/1ghl750/saturday_tea_talk/
Nepal,Weekly Creativity showcase.,"Hi all,

Please share your recent creation in this thread. It could be your painting, photos, digital art, VFX, vlog, apps, crafts, decoration, poems, stories or any other creative pursuit. 

Posts on this topic in the main sub might still be allowed if it is substantial work, but will otherwise be removed as per moderator discretion. 

Note: Make sure to include a brief caption/description for your links.",0.66,1,0,1,0,,https://www.reddit.com/r/Nepal/comments/1gj2d0q/weekly_creativity_showcase/
Nepal,Heading towards nepal to make a Great nepal,"Hello, everyone! I just wanted to share something exciting with you. My friend and I have been living in Australia for the past three years, and we've been constantly dreaming of doing something impactful in Nepal. Weâ€™ve seen that the Nepalese market has so much potential but needs some changes to really thrive. We've come up with ideas that could help support and grow new startups in Nepal, making it easier for entrepreneurs to get started.

Watching shows like Shark Tank India has made us wonder why these kinds of opportunities and investor support arenâ€™t more common in Nepal. We believe people in Nepal have amazing ideas, but they lack access to investors and government support. Our goal is to solve these issues and create a better environment for startups.

In just three years, weâ€™ll be heading back to Nepal, ready to make a difference and work towards a brighter future for our country. Letâ€™s create a great Nepal together!",0.91,48,0,48,16,"Two of the most important thing our Nepal need to have is

1. Better road transport. \[+accessible to everyone \]
2. Better Education. \[+accessible to everyone \]

I'll try to solve the 2nd problem. Someone solve the 1st one. | Good Luck. Let us know how it goes! | I can help you get easier access to the top level of the government if you're serious about it. I've been looking for motivated people like you, and I think we could work well together. Let me know if youâ€™re interested, and we can discuss how to move forward. | Doing something similar. No I am not coming back but I am sending quite a bit of my money to reputable NGOs to help educating kids in villages and food supply. Going back and trying to deal with idiot politician will be waste of life for me, better to hire right people who already knows what needs to be done. | what a chad ðŸ—¿ðŸ—¿",https://www.reddit.com/r/Nepal/comments/1giz9it/heading_towards_nepal_to_make_a_great_nepal/
Nepal,Why Do Most Startups and Restaurants Struggle to Succeed in Nepal?,"
One of the main reasons many startups, restaurants, and other businesses struggle in Nepal is the lack of consistent customer service and hygiene. In other countries like Australia, businesses pay a lot of attention to these areas. For instance, many Nepali restaurants in Australia maintain high standards of cleanliness and customer service to stay competitive.

In Nepal, there is a growing need for homegrown brands that focus on quality and service. For example, we could benefit from establishing more hygiene-focused juice companies, as thereâ€™s a lack of options for safe and clean beverages. Instead of relying on international ride-sharing apps, Nepal could also develop its own app with better customer service and local understanding.

I believe that if Nepali businesses focus on these areasâ€”consistent customer service, quality, and hygieneâ€”they can build stronger, longer-lasting brands and foster more trust among customers. Thereâ€™s potential to make a big impact by adopting these strategies.",0.81,22,0,22,29,"50% of businesses fail in the first 5 years, in the west not just nepal. Nepal is an over saturated market, if you aren't the best or doing something new, things like restaurants will struggle to stay afloat. Drawing example to Australia is pointless, they have to adhere to those standards because of the strict regulations which costs money, otherwise everyone there would cut all the corners to save money as well. 

Australians use uber which an American app or didi a Chinese app, every country relies on other countries, thats not exclusive to nepal just because we use the Bangladeshi pathao. | I know its a little off topic, but boy I see too many restaurants opening in ktm and somehow they are getting away with it. There are now pretty many and well invested restaurants even in areas that are very residential. They have even sustained themselves and its crazy to see this trend rising even more. | ""For instance, many Nepali restaurants in Australia maintain high standards of cleanliness and customer service to stay competitive.""

And still they goes down. Restaurants business struggles everywhere and not just in Nepal. Though I fully agree on restaurant not focusing on hygiene here. One example of business going down because of this could be Burger House. Very popular local restaurant chain. Initially they were good but slowly they sucked in every branch. I guess they had to close the Thamel branch as well.

If any business can 1. Serve good food 2. Can provide better service 3. Focus on hygiene then in Nepal it is much easier to establish the business. One example to this is Himalayan Java.

Regarding the Startup in general, I guess it is somewhat related to Customer service, lacks product sense and quality, and perhaps low demand as well as Nepal has small market and once another competitor joins in you both struggle to make money. | 1. Lack of quality of consistent food.

2. Lack of quality of customer service. 

3. Market saturation. 

4. Lack of creativity, almost same menu eveywhere. 

5. Inconsistent price of supplies required.

6. Greed of owner. (Not paying the suppliers and sending bouncing cheques which hurts the image of the restaurants within supplier chain businesses) 

7. Higher taxes.

8. Lack of finanical support/relief packages from govt.

9. Hard to sustain in current economic trend.

10. Overworking the staff and not paying them on time.

Praye restaurant, customer retention ko lagi brainstorm pani gardaina. Khana ko consistent quality pani hudaina. Time ma khayera niskina pani paidaina. Food safety ko topic ma ta jadai najam, you might get sick after eating in some restaurants daily. Tara coffee ko price 350 huncha with service charge. It might be cheaper and healthier to hire a cook for yourself. (Maybe this could be a better business than a restaurant if you think of it on a larger scale) | One reason is greed.",https://www.reddit.com/r/Nepal/comments/1gj2gj1/why_do_most_startups_and_restaurants_struggle_to/
Nepal,Favorite stores around New Road Area,"Hello, What are your great and go-to stores in New Road,Asan area?

Could be because of a food item that they make, clothes that they sell or unique/niche items that they have (like a organic food store)

",0.88,6,0,6,5,"mine is SECRETDOOR. its a retail clothing store located in peoples plaza (5th floor) . 
service 9/10
pricing 10/10 ( its a fixed price shop but the prices are very good compared to quality of clothes) | I stopped going shopping ðŸ›’ðŸ¤£ Everything is too expensive ðŸ˜† | Remind me! 3 days | My mamu loves Rameshworam seets | bro just marketed his store",https://www.reddit.com/r/Nepal/comments/1gj6s13/favorite_stores_around_new_road_area/
Nepal,Notary/Translate garni sasto thau kata xa? kati ligxa for notary and for translate?,"Kathmandu ma sasto ma notary ra translate garni thau kata xa? Citizenship, lalpurja, tax certificate haru translate garnu parni xa? kun notary public le sasto ma gardinxa? ",1.0,3,0,3,7,"For just notary around 15-20 per page. | Notary gareko chai Rs. 10 leko thiyo per page Babarmahal area tira | Kata garxa yo 15/20 ma?? Online ma 50/60 vaneko comment garu dekhye.. | Jun thau ma garaye ni hunxa. Sab le 20 mai garne ho. 20 bhanda mathi lina paudaina according to notary.Â  | Near Patan Hospital, lagankhel area.",https://www.reddit.com/r/Nepal/comments/1gj77px/notarytranslate_garni_sasto_thau_kata_xa_kati/
Nepal,Bhaitika Hits Different This Year,"Todayâ€™s Bhaitika felt different. As my two sisters did the puja, I got emotional, holding back tears as flashbacks from all our past Bhaitikas together hit me. This might be my last one with my big sister if she goes abroad soon. Makes me appreciate these moments even more and hats off to all the Nepali brothers and sisters celebrating from afar. â¤ï¸",0.97,36,0,36,9,"Feels indifference in no sisters | The Last bhai tika i had was in 2020. bro. | What a coincidence, i have 3 sisters(cousin) middle sister is already abroad and we've been celebrating past 3 Bhai tika with the eldest sister and youngest. This year was definitely something, like yours my eldest sister might as well go to abroad as it might be out last time we celebrate Bhai tika together. i could only pull her and give her a hug while parting. | Bihe huna layo didi ko abroad ko Kta Sanga ki studies lai Jana atnu bhako? | I feel like this isn't what u shoukd be commenting on this post.",https://www.reddit.com/r/Nepal/comments/1giodim/bhaitika_hits_different_this_year/
Nepal,Happy bhai tika to everyone of 2081,,0.96,26,0,26,3,Dumbasses with the firecrackers again. Lock emâ€™ up! | Bro lives around sinamangal area?,https://www.reddit.com/r/Nepal/comments/1gipebz/happy_bhai_tika_to_everyone_of_2081/
Nepal,What would you add in a small survival game?,"If you were to play a small scale survival and discovery game, what would you want in that? Survival is kind of wrong, letâ€™s say narrative driven folk survival (chat gpt said this).

What would you *want* in these kinds of games? Iâ€™m not saying AAA kind of suggestion, something doable by 2-3 people, 

Like mechanics and so on? 
Do suggest ",1.0,3,0,3,8,Yeso Bich ma chicken curry khana lai time rakhthey | Maybe some enemies and some ability to craft a material like as in mc | a pineapple house reference to spongebob square pants: | Definitely some different endings as a consequence of the decision made that changes every time you restart. | a few easter eggs here and there,https://www.reddit.com/r/Nepal/comments/1gj45wm/what_would_you_add_in_a_small_survival_game/
Nepal,Gaau Baarbaad bhayexa Balla Thaha Vo,"Gaau ma 2-4 jana taas khelayera karod ko gadi chadisake, and then 2-4 jana le khelera barbaad, like they are down 20+ lakh since lock down. Real kuro chai k vane, khelaune haru chai masta polish support eta uti rakhera khelauxan, yo purbi Nepal ko kuro ho and they travel and take players Dharan, Damak for thulo game. Yo case ma aam manis, jo lukera case garna chahanxa ani nafasi yo taas khelne khelaune ko jaraa katna chahanxa, kasari gane? Fed up with this shit. Barshau dekhi ko kuro ho, ma kathamndu basxu, aako bela jaile etekai ho. Thanks for suggestions. Anonymously ujuri kasari dine by opening culprit names, like real anonymously, natra police ko power le naam patta laula ani malai ke torture aula. Thanks.",0.85,13,0,13,4,"It isgood that you think of others . Someday, this kindness will kill you. | bruh this is not moive, shit happens here. Ali sochera gara j garey pani, best wishes! | Disclose all those names in this sub. We will share that post everywhere. Let's make this national issue. ðŸ˜‚ | Just make an email and do a police report through mail. | Use proton mail, never gmail",https://www.reddit.com/r/Nepal/comments/1gisplr/gaau_baarbaad_bhayexa_balla_thaha_vo/
Nepal,Kasto lut machako indrive le. Naya baneshwor bata imadol samma (7km) ko recommended fair 440 re minimum fair 395 rs ,,0.85,38,0,38,37,"I just wrote about this too, the rates are almost doubled in indrive compared to pathao and the riders don't accept rides pathao ma and we have to use the expensive, indrive walla.

https://preview.redd.it/74qb68xr7oyd1.jpeg?width=2048&format=pjpg&auto=webp&s=387fad606493abdef65bc081b9009845e795672f | It's called surge pricing. Uber, Lyft wa ola. Sabai ma huncha. You want people working in holiday, then make it worth their time. | Shitty fucking app only travel when i absolutely need to.
Baru save grni paisa afno sadhan liney. | Pathao is good. Inclusing insurance coverage and fair prices. | Yo ta ekdam ramro fare ma parechau aaja ko lagi.Â 
Belka 5 baje tira ta esko double aako thyo. 7km lai 950 dekhako thyo.",https://www.reddit.com/r/Nepal/comments/1gijeh2/kasto_lut_machako_indrive_le_naya_baneshwor_bata/
Nepal,Good and Affordable Psychiatrist in Ktm Valley?,"Hello,

As title suggests, I have in need of good psychiatrist to treat mental condition. I have checked the prices of psychologist but uni haru ko per session charges nai dherai huncha.....  
So, could you also tell me approx. kati budget lagla? I am in poor financial condition rn and cant ask other for financial support.

Thanks and have a great day!",1.0,1,0,1,1,suman adhikari .kantipur hospital tinkune.normal consultation ko lagi 500-700 lag6,https://www.reddit.com/r/Nepal/comments/1gj69rc/good_and_affordable_psychiatrist_in_ktm_valley/
Nepal,"Urgent: Need a Reliable Bike Mechanic in Balkhu, Khasibazar Area Today","Hey everyone!

Iâ€™m planning to buy a used Honda bike today, but I want to get it checked out by a trustworthy mechanic first. Iâ€™m in the Balkhu and Khasibazar area and would really appreciate any recommendations for a good mechanic or workshop that could do a thorough inspection today.

If youâ€™ve had any good experiences with local mechanics or know someone who could help, please let me know. Thanks so much in advance for your help!

https://preview.redd.it/6ibrwrkjbtyd1.png?width=980&amp;format=png&amp;auto=webp&amp;s=5e15787e5a69a2aa3009c2dedd8f6e69636024ed

",1.0,1,0,1,0,,https://www.reddit.com/r/Nepal/comments/1gj67yz/urgent_need_a_reliable_bike_mechanic_in_balkhu/
Nepal,Lets talk about the Laptop RAM upgrade scams that happen in Kathmandu,"i need to upgrade mero RAM

i have 8 GB - 2667 mh rn 

i need more 8GB , but idk how they scam , and all the stuff , that i need to care and be careful about

extra info : i contacted euta pasal on wssaap and was told 8GB 2667 hz ko RAM lai 3500 parcha 

K cha gunaso sunam tah ",1.0,1,0,1,3,"Computer club, new road , can inquire here , good stuff | 2800 - 3000 parcha.. | 2500 ma 3200mhz ko haleko thiye 8gb...",https://www.reddit.com/r/Nepal/comments/1gj63vv/lets_talk_about_the_laptop_ram_upgrade_scams_that/
Nepal,Using Euros in Nepal (or Dollars),"I am going to travel to Nepal, and my guide suggests to bring a few small USD banknotes  in case one needs some cash handy.

I am from EU and getting small USD banknotes here is not easy.

Do you think a 5 Euro note is as easily accepted as a 5 USD note?

Or is it just a silly idea?

Thanks in advance!",1.0,3,0,3,4,"You can get Euros easily exchanged at the Airport. I donâ€™t understand when you would need USD banknotes. Maybe some tourist stores could give you a discount if you paid with USD?, but they surely will take Euros as well. When I was searching to exchange some Npr for Euros, there was a big shortage of it in the money exchange counters. Iâ€™m sure they will be happy to get Euros as much as USD. | Just bring Euro and exchange it to NPR at airport or at Money exchange stores. You donâ€™t need USD. 
If your guide says that you NEED USD, heâ€™s bullshitting. | Guide here too.  Just bring the Euros and exchange at the airport or the money exchange. IDK why your guide ask to bring smaller denomination $â‚¬!! | Euros are easily exchanged. International debit card works but there is a steep charge when you use it",https://www.reddit.com/r/Nepal/comments/1gixkl6/using_euros_in_nepal_or_dollars/
Nepal,Im launching affordable cosmetic brand in Nepal.,"Skincare should be part of a basic routine, but it is so expensive to afford any good brands. 

Long story short, Iâ€™ve worked with some Chinese dermatologist and a team from South Korea who knows about this stuff to create a brand that can cater as an affordable high quality skincare products. 

Weâ€™ve worked in China and the products are almost ready, down to packaging. I know people would rebuff if we say itâ€™s made in China but it is what it is. (The production team works with some high quality brands as well)

I understand that itâ€™s not gonna be a success and generate huge profit as the market is really small. Also to make the products affordable and in a similar price range to Himalaya products there is really tight margin to work with. I know what I am getting into but if I can hit the market and make it affordable and easily available to people specially late teens and young adults then itâ€™s a great work. This is a high risk low return business but itâ€™s something that really drives me. Im excited about the products hitting the store.

Since Im planning to have the first batch of the products available maybe from Next month. What do you guys suggest? Ive already got some great suggestions, so Im all ears and would love to get some feedback and comments from you guys as well.

Thank you.
",0.97,77,0,77,37,"I need nothing more than a affordable sunscreen. Make it non greasy and you can have my money. | Marketing, marketing and more marketing | You must launch your products in sachets as many will not be able to afford big sized bottles as they may seem costly. So launching 10gm packet\bottles for cream or lotions or 5ml bottle for serum will make it affordable and won't hurt pockets as prices will be less and many will try it without thinking as new brands need time to adopt and gain loyal customers. Also you can distribute those small samples in malls to the customers so free marketing without hurting your pockets. Also set up standi in busy places with free samples will create brand promotions. | https://www.sciencealert.com/health-authorities-find-banned-substances-in-hundreds-of-cosmetics

I hope you will solve this issue as well. | By the way make male oriented products as well, everyone thinks I am gay whenever I tell them that I use sunscreen",https://www.reddit.com/r/Nepal/comments/1gie25f/im_launching_affordable_cosmetic_brand_in_nepal/
Nepal,Replacement earpads for anker soundcore q20 in Nepal?,"Anker shop doesn't sell it, nothing on Daraz, alibab delivery makes it unreseasonably expensive.

Any ideas? 

P.s. Anker Nepal is not bringing it to Nepal which is very dishonest practice - they want you to buy new ones, even when it's only proBlem with earpad.",1.0,1,0,1,1,"Just buy it from Amazon India. You'll get the item in 2-3 weeks most of the time. I recently bought a second pair of replacement earpads for my Audio Technicas from India. 

No point getting angry over something like this. 

Daraz China is cheap but delivery has been affected due to the landslides. I'm still waiting on a couple of watch straps for my Garmin (over 1 month).

Or if you think certain items are lacking in the market, there's a business opportunity ðŸ˜‰.",https://www.reddit.com/r/Nepal/comments/1gj4t1n/replacement_earpads_for_anker_soundcore_q20_in/
Nepal,k vannu ma aaba yesto xan,"mero euta cousin xa hami bacchai dekhi close xau aani tni haru ko family chai lastai dhani xan hes dad is a real estate agent aani i never saw his family struggling for money
aani itâ€™s been a few days hami 6-7 jana milera bahira gako thiyo aani so tesle chai khaja kham vanera kura nikalyo we were searching for some stores aani jani vanya vanai garyo rag haanyo saab lai aani jaam na ta vanera gako aani 1000+ vako thiyo total paisa
aani tesle ma ghar gayera paisa dinxu vanyo aani hunxa vanera maile ra mero sathi le 50/50 tiryo aani ghar gayera maile voli palta paisa mageko paisa xaina paisa xaina vanyo
aani yo first time haina jaile yestai garxa yo khani tyo khani vanxa jaile paisa chai 1rs nikaldaina nikaley pani lastai lyang haanyo vane nikal xa aani aafu le khako jati pani nikaldaina 
we are not mean 
aaba sathi bhai haru sangai hinda ek aarka ko kaile kai bill tirdimxam maile mero aaru sathi haru snaga paisa magena kina vane they never ask me money after we eat out together or do anything tara tesle kaile didaina 
tesko esewa ma jaile more than 5k hunxa maile herda kaile kai ta 10k 50k dekhxu aani aafu le khako ni tirdaina 
kaile kai kei paisa haaldaina jaile naya naya bahana banauxa
tesle aani jaile aarka ko paisa ma jaanxa khana malai ni lyang haanxa yaha jaam tyaha jaam yo kura tyo sanga ramro mukh ma kura garyo vane mukh xardne risaune aani k k garxa paisa xaina vanxa ",0.93,35,0,35,36,"Haha katai jadai na jau u sanga simple ... | Drinking game: drink a shot everytime OP says â€œaaniâ€ | Testai garera ta dhani vaye holan ni | Sometimes you just need to take a stance and be direct. 
If your friends feel the same then collectively mention it to him about this chutiya habit of his.

If he still continues or doesn't give a shit then cutting these kinds of people out of your life is the best. Trust me, you will find peace this way. | Paisa uthauni ani jani uthyeana vani na jani, hamro tira ta josle jani vanyo teslea tirne chalan xA",https://www.reddit.com/r/Nepal/comments/1gihk7k/k_vannu_ma_aaba_yesto_xan/
Nepal,What software do these Nepali content creators use?,"They have taken video editing to new height in their latest videos. What tool do the research content creator such as In Depth Story, Thaha use ? Illustrator, Premiere Pro, Da Vinci ... ",0.82,7,0,7,3,"Pirated premiere pro  
Da vinci fee for mac users | Da Vinci + After Effects

After Effects is what makes videos look more premium and engaging | Generally a high quality content creator use few softwares combination, photoshop, after effects, adobe audition/audacity, media encoder and premiere pro. Even contents like that of Lemmino are created using these softwares, he also uses Cinema4D for the 3D modeling, but usually After Effects is what creates the great looking animations and transitions.",https://www.reddit.com/r/Nepal/comments/1gios6q/what_software_do_these_nepali_content_creators_use/
Nepal,Refinancing Loan For a House,"Anyone know how the interest rates are going in Nepal these days?
I am looking fo refinance our house loan and have been talking to someone from Standard Chartered bank, but the response hasn't been that great.
Anyone know any alternative banks?",1.0,1,0,1,0,,https://www.reddit.com/r/Nepal/comments/1gj1vf1/refinancing_loan_for_a_house/
Nepal,"Late post : Nhu Daya Bintuna 1145 from ""KIRTIPUR""",,1.0,49,0,49,0,,https://www.reddit.com/r/Nepal/comments/1giac3e/late_post_nhu_daya_bintuna_1145_from_kirtipur/
Nepal,Help Needed: ktm to pokhara,"How to go to pokhara from Kathmandu? Where do we get the bus and at what time the bus departs, do we need to book ticket in advance?
",1.0,3,0,3,11,"For tourist bus, you need to book in advance, atleast 1 day ahead to be safe. Departs from Sorhakhutte at 7 am. Or you can grab a hiace from gongabu, kalanki. | Is there bus departing from Jamal?? | You can buy ticket from eSewa if you are Nepali and have eSewa app, otherwise you can go Kalanki or gongabu buspark and can take micro bus. Another option is you can rent a private vehicles like car and jeep, some time we got at very cheap price if they have return vehicle. We did same from this company https://rentinnepal.com | Bus departs from Sohrakhutte every morning at 7 am. Try someone to book one for you. Swift travel is good. Tickets available on Khalti app for Nrs 1600 | https://bussewa.com/

Book from here always, no need to book through a travel agent.

I recommend you to take buses of Jagadamba if you want an expensive one, cost 2000, Good service with free sandwich and water along with blankets.

If you want a good price one then I recommend Lotus Adventure one (1*2 Sofa Seat one), you need to pay 1600 for that and they have comfy and cozy seats with blankets. (Water too)

If you want in decent price then go for M&S adventure one (2*2 Sofa Seat one), you need to pay 1200 for that, seats are comfy and cozy and they also give a blanket. (I took this busy today and I am currently traveling in this one while replying on your thread, and surprisingly this one have WiFi as well lol with Dual Bandwidth (2GHz and 5GHz). (Water too)

Any preference above Is from my own experience, and please avoid other buses unless you got no option among three I mentioned above. 

One last tip, any bus you book, please don't book the ticket of first row and last 3 rows cuz of horrific bad road right now and you will feel much regretting take those rows cuz of force you gonna feel.

Take night or day, up to you. When it comes to me, I prefer night.",https://www.reddit.com/r/Nepal/comments/1giohd7/help_needed_ktm_to_pokhara/
Nepal,Fact or myth: Do crystal work ?,"
Hi everyone! Mero instagram feed ma tannai crystal wala page airako huncha. As a accessory i like them tara tya yesko faida esto usto kk lekhirako huncha. Sachai nai testo kaam garcha ki tyo belief or marketing technique matra ho? 

Kasaile use gareko vaye afno experience share gardinu hola. 

Thank you ",0.27,0,0,0,12,"Yeah, it does; for the people who sell them. | don't know about crystal, but crystal meth ðŸ˜ it obviously do work !! Tight, tight, tight | They do..crush them heat and inhale..aba lagayra hinchau vane idk what they do | Lol no. | Clearly they do look at lana del rey with crystal power she conquered the music scene",https://www.reddit.com/r/Nepal/comments/1gj4vp1/fact_or_myth_do_crystal_work/
Nepal,Nepal ma House Number kasari thaha paune?,Bank account kholna lai chaiyeko. Could'nt find anything online. ,1.0,1,0,1,1,Ask your ward office.,https://www.reddit.com/r/Nepal/comments/1girrjq/nepal_ma_house_number_kasari_thaha_paune/
Nepal,What should I do after a levels?,"I completed my a levels recently and now idk what to do in Bachelors , every field looking tempting and I am just confused now",0.67,1,0,1,23,Dubai jau vai | Suicide | Further education I guess no?? | A level pachi bachelor garne . Vague answer for vague question | CA bannu,https://www.reddit.com/r/Nepal/comments/1giqzul/what_should_i_do_after_a_levels/
Nepal,What's that Pink Floyd song that's used as the anthem for some radio channel?,I listened to the radio after who knows how long and this anthem/jingle/hook/whatever came on and it was a Pink Floyd song and I can't remember which one and it's driving me crazy,1.0,1,0,1,8,"Another Brick in the Wall, Part 2 | If you are referring to tyo kantipur â€˜simply the bestâ€™ bhanne, tyo Tina Turner ko ho | [I can sleep in peace](https://www.youtube.com/watch?v=Y5rde4bRIZA)

Thanks for the help everyone | Itâ€™s Take it back. | Time",https://www.reddit.com/r/Nepal/comments/1giqlwf/whats_that_pink_floyd_song_thats_used_as_the/
Nepal,Waking up to sounds of death ,"There is a butcher shop right across the street from where I live. Every morning at 4 am we have to listen to a mass of chickens screaming before getting slaughtered. How is it okay for these slaughterhouse to exist in a residential area, right next to a temple, I'll never know. We're living in a dystopian world.",0.7,12,0,12,18,"Gotta agree about it being next to a residential area is a bad thing but mandir ma nai sacrifice dincha nepal ma so being next to a mandir doesnâ€™t matter much i guess. | Khane bela khane ani aile yesto vanera hunxa ta | Talk to your ward office. | the thing is you may be a veg but many in society r not. They will buy n eat from meat from that shop. So, as they eat meat , listening to cries of killer animals should be normal to them. They will ignore those cries like its nothing coz they feel superior n have right to kill animalsn eat it happily. hence, nothing can help u from removing that shop | Not really dystopian. Butchers and slaughterhouses existing in a neighborhood is as old as it gets.Â 


I'm Nepal, we don't have rules to keep industrial sized slaughterhouses away from residential area or keeping butchery in an enclosed location.",https://www.reddit.com/r/Nepal/comments/1gid74f/waking_up_to_sounds_of_death/
Nepal,1st wall climbing experience,"Guys &amp; girls, I want to hear your 1st ever wall climbing experience (obviously, at a commercial place). How welcoming were the people around you, how hard did you find it?",1.0,2,0,2,1,1st i did was rock.. and stupiid beee hive was there too. I quickly jump to other side avoiding close call on that. Like 13 years ago..,https://www.reddit.com/r/Nepal/comments/1gikoxe/1st_wall_climbing_experience/
Nepal,I heard a song on my taxi ride. I kinda liked it but now I can't find the song on youtube. ,"The lyrics goes like:

Mana ma mero 

photo tyo timro 

aaja dhamiloooo vayooooo

kina khai ta 

I would love to listen to this song. Help.",1.0,2,0,2,3,"May bÃ© hajar janma ðŸ˜‚ | Any more hints? 
Like was it sung by a male or a female artist? | by rockheads? it'not that",https://www.reddit.com/r/Nepal/comments/1gikizg/i_heard_a_song_on_my_taxi_ride_i_kinda_liked_it/
Nepal,Investment in apartments!,"In need of a serious advice! We were looking for investment in real estate which provides  good rental income. My family is also looking for luxury apartments, brand residencies. What do you think about investing in the luxury apartment which is in the core area of ktm? Is this a fruitful investment? What is the future for apartments and branded residencies here in kathmandu since mostly in other major cities, apartments are good source of secondary income. Or in case of nepal, buying a semi commercial house is still a better option?",1.0,2,0,2,2,"Apartments come with cost. Lift banaunay cost. Parking cost.  Mero ghar purano cha bhnay i can paint it. But apartment bahira kasari gsrchaw. Dherai khura consider garnu parcha. 

People talk about Rental Income without cost. so please consider that before hai. | Initial investment is high. ROI takes time. Choosing a location can be tricky. Target expats working on INGOs and student visa also short term stayers. If you have capital to invest go for it.This business is highly profitable.",https://www.reddit.com/r/Nepal/comments/1gik2p1/investment_in_apartments/
Nepal,Seeking BIM Intership in Nepal,Does anyone know if there is any internship opportunity for students studying BIM in Nepal? Finding difficulty in searching internships.,1.0,1,0,1,0,,https://www.reddit.com/r/Nepal/comments/1gin8xh/seeking_bim_intership_in_nepal/
Nepal,Sale of PI coins in Nepal,I used to mine long time ago when It first came up- a friend referred it to me. Now he offered me NRs 25 per PI coin. I had about 1000 and I took the offer thinking that he was joking. He helped me do KYC and stuff. But he actually paid me lol. Is it legit? Is PI coin really selling. Has anyone sold and at what rate?,0.4,0,0,0,4,"[removed] | Hora ma sanga ni xa . Help me on kyc verification. I want to sell | Last time 47$/pi ma kineka thye usa ma. Timile 0.20 cents ma bechdiyeu. Tara still yo officially bechna suru vako chaina. | Today's price of PI is around 51 USD. Since supply is 0 so once it become tradable, it will go down but you sold is too cheap. | The content you have commented has been removed because your account seems to have been created sometimes in the past 6 hours. In order to avoid spam, comments by new accounts are automatically marked as spam. If this is a genuine comment we will approve this comment manually, which may take some time. If you wish to speak against this action please contact the moderators.

*I am a bot, and this action was performed automatically. Please [contact the moderators of this subreddit](/message/compose/?to=/r/Nepal) if you have any questions or concerns.*",https://www.reddit.com/r/Nepal/comments/1gin5ga/sale_of_pi_coins_in_nepal/
Nepal,Baneshwor KO hostel chori. Help ,"Aaza bihana 11:45 Baneshwor buddhanagar ma hostel dekhi mero laptop Ra guitar chori vayeko xa. I have been living alone in a hostel for past 1 month and I always close all gates tightly whenever I am in my room or go out. Aaza, I was studying in my room and at 11:30 dai called me to open the gate as he had brought the food, I did and went to kitchen to eat, dai went behind the hostel to open the motar. Tai time ma aauta 22/23/24 yr kta, black trousers with white stripe, black tracksuit, black shirt with something written on it, white shoes), hostel ma aayo, duta room ma gayo Ra aauta bata guitar Ra mero bata laptop(MacBook air1 silver, with redwhite mix wrapper) liyera within 3 min ma gako xa, west gayera (bijuli bazar)arc bridge tira gako xa. I have reported it to the police but I am genuinely asking for help from you guys. Who ever locates that guy or a laptop I will give some cash as a thank. 
",1.0,121,0,121,22,"also police said that there are many people who randomly enter into the hotel and search rooms pickup something valuable and if someone asks them then they just say they are looking for a hostel live. So whoever lives in a hostel in Kathmandu especially around  Baneshwor be aware and be careful. | Post on Facebook aele ni gari hala . Asap | MRR vanne group ma join garera post gara ta. ASAPPP | Few observations and suggestions:

* It's too much of a coincidence that things got stolen at exact time you went to kitchen withing such short span of time. Who is the guy that opens the door of the house and comes outside moments before the thief enters? I noticed that he turns back towards the main gate couple of times as if he is looking for someone. Mighty sus, could be an accomplice.
* Who is this dai that went to turn on the motor? Motor turn on garna tyati herai time ta lagdaina, another sus.
* If he is a professional thief who has done it a lot of time then he will break you macbook and sell the parts...selling the whole macbook is very risky. But still, keep an eye out on Hamrobazar an FB marketplace for cheap listing of macbook airs.
* That must be an electric guitar and by the looks of the bag, not a cheap one. There's no point of selling guitars for parts (unless just selling the pickups)...so he'll have to sell the whole thing. Keep an eye out for the guitar as well, in hamrobazar and FB marketplace. If possible, comment the brand and model of the guitar here and a lot of us could that for you.
* The guy is clearly identifiable from his attire and our streets are heavily surveilled by CCTV cams. And you are in luck as it is a festival season...very less people movement and traffic is scarce. Police can track that guy's movement even more easily. Ghar sammai bhetauna sakchha. Try to force them to investigate more seriously. Source-force laauna milchha bhaney lagau...don't let them neglect it. Night time ko grainy CCTV footage bata movement track garera killer patta lagayeko ta chha...yo ta ekdum sajilo ho in comparison. I think cops lurk in this sub as well, help the guy out if you are reading this.

Share longer clips from the CCTVs of the hostel, at least from an hour before the theft to an hour after the discovery of theft. Might help to observe things that might have been missed so far. All the best. | https://drive.google.com/drive/folders/1UUbOzlLPRJwkuhj9BRLJp94DOhhAgMpK

This is the link of CCTV camera of inside hostel",https://www.reddit.com/r/Nepal/comments/1ghubai/baneshwor_ko_hostel_chori_help/
Nepal,Having Dilemma Choosing Career,"Hey there! I am a 2024 +2 graduate (science)
I am in a dilemma choosing career . Since childhood I have always wanted to end up as a high profile person . Ive always looked up to vip people and dreamt of being on their level . I currently have two options of career 
1. Applying for  Second lieutenant 
2. Bachelors in foreign country 
Everyone knows how high level army officers are treated in nepal as that might be my way to end up as high profile person , its not only about being a vip but also i love my country if i choose that career path i will sincerely do my job .
Another is being an international student . I am not one of those people who is in a race to go abroad i have planned what will i study and have a goal in that path too . I am not applying for USA,AUS ,CANADA the ony destination for abroad study for me is Germany . I will study engineering and ultimately i plan to have a business or a corporation ik its not easy nor i wanna be cool vip smokes cigars drives mercedes nahh i just want to build a profile so people would look up to me in a good way im extremely interested in history and politics i have researched numerous terms of nepali and international politics i will also try to reach politics in future .
After +2 i went for second lieutenant training and i gathered up everything i needed for this career path currently I am studying German language 
i couldnt apply for second lieutenant this year because i didnt match the age criteria ..

Any advice from intelligent and experienced people will help a lot ..


(Unrelated but donâ€™t go to my username i created it when i didnâ€™t t knew shit about reddit now i cant change it)",0.5,0,0,0,0,,https://www.reddit.com/r/Nepal/comments/1gim5r5/having_dilemma_choosing_career/
Nepal,"xylitol , normal sugar replacement.","Kasai lai thacha , yo Nepal ma paucha ki nai? Kati khoje katai pani vetina, please help. Also where can I get stuffs like calcium carbonate powder.",0.67,1,0,1,0,,https://www.reddit.com/r/Nepal/comments/1gilrz6/xylitol_normal_sugar_replacement/
Nepal,Lenovo laptop loq is it a good deal,Alam tech store ma lenovo loq 7435hs at priced rs 142500... Is it a good deal??? Laptop genuine ho ki hoina... Anyway to find out... Gaming laptop ko reviews herda Nepali store sells refurbished or chinese produts... Need some suggestions please .. ,0.84,4,0,4,7,"4060 ho bhane fair price ho tara aafai physical store ma gayera liyo bhane halka bargain garna sakinxa.
Ani go for Ryzen 7 7840hs instead of 7435hs. | https://preview.redd.it/wr4gkp7n7myd1.jpeg?width=4000&format=pjpg&auto=webp&s=9d48a6f1b2641a9c497ee8f190627a521a9a8d88

Mine's working well. I guess it is a good deal | Wait for same deal in 11.11 daraz, 6-7k discount dinxa daraz le

I am saying is keep an eye on daraz in 11.11 | Check r/laptopdealsindia ..there are lot of review of loq over there..Search loq in that subreddit. | Kaha bata leako ho? Price kati paryo?Â ",https://www.reddit.com/r/Nepal/comments/1gichf2/lenovo_laptop_loq_is_it_a_good_deal/
Nepal,Money earning tips in Nepal?,"So i am currently passed Bsc( Physics). I want to stay ( I have to) Nepal. No budget for further study Got a laptop only in the name of property. I amnot seeing the teaching job is worth it. My question is how the hell can I make at least 2 lakhs by staying in Nepal? What skills should i go with. Please suggest. I believe i can aquire any skills that are available. 
",0.67,1,0,1,10,"Just be the physicswallah of nepal thats it .  Education sector ma huge prospect xa . Laptop ra internet xa vaney you can teach physics to the world . Physicswallah bannus . Jaba samma business grow hudaina college haru ma teaching garnus for living and to know the student problem . You can do it dai | Bsc physics sakkaye pachi ta padhauna thala bro. Wild scope ra paisa cha. +2 college haru ma payo bhaney ramro ho. Natra school haru bata suru gara. Tution haru dina thala. At first nai 80-90k chai ali expect nagara. But if they take your teaching good and you can teach them nicely arko 2 barsa pachi chai din ko 7-8 ghanta khatera sajilai 2 lakh kamauna sakincha.




I know a person. Tution ra coaching class haru padhauncha. 8 ghanta jasto kaaam garcha different different time garera bihana 6 to belka 8/9( competitive exam aako bela chai extra class leedincha). Ghar ma khana khancha, eso bich ma ek dedh ghanta katai ghumna vyauncha. 5 barsa jasto bhayo kaam garna thaleko. Ailey lowest ni 3 lakh ta auncha tesko( last ek barsa ko bank statement hereko thye). Highest chai yo competitive exam aaune bela 7 lakh aako thyo.Â 




5/6 barsa khattera aailey jagga jodeko cha. Budi lai padhayo. Gau ma ghar renovate gareko cha. Aba gadi kinchu aau jau garna. Arko 2 3 barsa ma yeuta ghar banaunchu bhanera baseko cha. | Nepal ma bsc padhera tei 10 samma padhayera basne ta hola natra kasari kamauxan ho paisa research centre kei xaina desh ma | It takes time and hard work to reach 2 lakhs per month.

I think you should focus on a career where your foundation is strong. If you have completed a bachelor's in physics and still have an interest in it, pursue a path in physics.

If you can't find any job, consider teaching. You can save money for a masterâ€™s degree this way. Physics is challenging, and you're already in this field. You can help others. Iâ€™m not sure if teaching is what you want, but itâ€™s a fast way to secure a job.

My +2 teacher used to earn over 1 lakh, including coaching, back in 2016.

You have a laptop, only consider learning IT skills if you have a genuine interest and some foundational knowledge. Else you'll waste your time. | Don't expect high remuneration.. everything takes time, start with the decent one! Try to gain enough experience in your field!",https://www.reddit.com/r/Nepal/comments/1gik2jo/money_earning_tips_in_nepal/
Nepal,Accidentally invested in a scam lost all money ,They asked small amount at first and returned it however they're asking a huge amount to withdraw what I had deposited i dont know what to do help please ,0.25,0,0,0,8,"do you really expect them to return the money ?  They're still trying to extort you | As per your post, You probably are scammed my friend. 

Good Luck! | Should have asked here before ""investing"". There's really nothing you can do except report. Many have been scammed on the same thing. | I could help you but you have to send me 1/4 of the amount first. | is this happening even in Nepal ? or are those guys  from India. Please stop paying more money. if you have their details . please keep them as evidence . Our online transactions details too. Report it to cyber police as soon as possible.",https://www.reddit.com/r/Nepal/comments/1girbrq/accidentally_invested_in_a_scam_lost_all_money/
Nepal,What if humans were an Amphibian?,"Yo sansar kasto hunthyo hola? Hami pani jal ra thal, water ra land ma live garna sakne  vayeko vaye?",0.57,1,0,1,14,"Ma chai mermaid hunthe aru ko thavayena ðŸ˜Œ | manxe amphibians vaye ni, pani ma base ni, jamin ma base ni timi chai mero dil ma sadhai basne chau | I'd be Voldemort's snake if I was a reptile | I would love to be the biggest shark of the sea | We would be using water cooling like pc's.",https://www.reddit.com/r/Nepal/comments/1giiir8/what_if_humans_were_an_amphibian/
Nepal, Consumer Rights in Reality â€“ Are We Really Protected,"
I've noticed several examples where we, as consumers, seem to be getting deceived by shopkeepers and local businesses. Here are a few of my recent experiences:

1. Warranty Issues with Products CG LED bulbs are sold with a 24-month warranty clearly written on the packaging. However, when I asked about it, the shopkeeper told me that they only honor a 1-year warranty. He even claimed that no one provides a 2-year warranty, and itâ€™s â€œjust written there.â€ Itâ€™s confusing and misleading when businesses donâ€™t honor the warranties they advertise.

2. Monopoly in School Supplies During Baishakh, when schools and colleges open, stationery shops in my town come together to create a monopoly on textbooks and other supplies. They refuse to offer any discounts or allow bargaining, they create  only one place in town to buy these items. This makes it very hard for families, especially those on tight budgets, to afford necessary materials.

3. Pushing Products for Profit Whenever I go to buy household items like soap or washing powder, shopkeepers often try to push products with higher profit margins. They donâ€™t even ask if I have a preferred brand; they simply push what benefits them most. It feels like my choice as a consumer isnâ€™t respected at all.

These are just a few examples of how shopkeepers and businesses seem to take advantage of regular customers. Weâ€™re taught about consumer rights in school, but Iâ€™m starting to feel like they donâ€™t exist in practice. Who can we turn to for help, and how can we make sure our rights are respected?

Has anyone else experienced similar issues? Iâ€™d love to hear your stories.

This post was edited with the help of chatgpt.",1.0,11,0,11,6,"Seems like a great time to open an online store for school supplies.... | Human rights are inventions of thoughts like Harry Potter. | If you can give more than 10% discount,you will outperform these normal suppliers. | Honestly I doubt an average Nepali would trust an online store. | I never have bought anything online tbh.Its just that the online market is unregulated and fraud in online is more than offline store .So people are hesitant to buy online.",https://www.reddit.com/r/Nepal/comments/1ghzz94/consumer_rights_in_reality_are_we_really_protected/
Nepal,I had an argument with my father,"yesterday I had an argument with my father. The reason is very silly. Mom is out of town for Tihar. Me, elder bro and father are only home. Father got home from work, i gave him dinner and he raged out because i cooked aalu ko tarkari. In the heated moment, i said ""à¤§à¤¨à¥â€à¤¨ à¤²à¥‡, à¤à¤¤à¤¿ à¤ªà¤•à¤¾à¤à¤° à¤–à¤¾à¤¨ à¤¦à¤¿à¤¨à¥‡ à¤®à¤¾à¤¨à¥à¤›à¥‡ à¤ªà¤¨à¤¿ à¤› à¤®à¤®à¤¿ à¤¨à¤­à¤¾à¤•à¥‹ à¤¬à¥‡à¤²à¤¾à¤®à¤¾"" and then he said, ""à¤–à¤¾à¤¨à¥ à¤›à¥ˆà¤¨ à¤¤à¥ˆà¤à¤²à¥‡ à¤ªà¤•à¤¾à¤•à¥‹"". Since then, he has not eaten in home, he eats outside, and we haven't talked since then. 

Is this kind of fight/argument with family members, especially your father is normal in another households?",0.91,63,0,63,81,"Sorry but you're adopted. | There is always a child, adult and a parent within ourselves. Currently he is acting childish. We tend to expect our parents to not have any flaws or them to always act as parents.

In reality, it keeps on switching. So when he is acting childish, you should act like a parent. Say him to eat in home or act like how a mother/father do when their child is being arrogant. | Inspired from hari bansha acharya aalu scene | Tihar ko bela

Chhutti navayeko buwa hajur

Kaam le thakit awastha ma aunu hudaa

Beer ra sitan kei chaina

Ajha tarkari ma aalu!

Talai jungali bhaalu! | Brooo are U adopted or what..wtf is this..my dad would be happy if I even  make a tea for him",https://www.reddit.com/r/Nepal/comments/1ghqftj/i_had_an_argument_with_my_father/
Nepal,Jaar movie teaser review ,"Cinephiles of Nepal, have you watched the teaser for the upcoming movie Jaar? The story is based on Indra Bahadur Rai's short story with the same name. Besides Saugat Malla and Anoop Bikram Sahi, we have Geetanjali Thapa in the lead. She's won a lot of accolades here in India for her powerful performance. I hope she wins the hearts of people in Nepal too. If you've watched the teaser then please do share me honest reviews that I can relay it back to my team. ",1.0,1,0,1,2,"> Cinephiles of Nepal

There's more than one? | Well I've met quite a few here on reddit.",https://www.reddit.com/r/Nepal/comments/1gif23b/jaar_movie_teaser_review/
Nepal,Will i get hate for being Indian in Nepal ,"Hi I am a 21 M from India however my forefathers were Nepali, as a kid i used to go to my nani""s house and it was great it's been a very long time since i have been there and during this time i did hear that there are tension among India and Nepal and it makes me sceptical that will people hate me because i stay in India like ik my nani and relatives won't but the people nearby my nani's house or something ",0.78,48,0,48,105,"Nobody will hate you unless you start bragging about Akhand Bharat and how India is big brother of Nepal. | Donâ€™t think you will face any issue. People hate Indian government not the people. Be respectful and enjoy your time without causing issue for others and you are golden. | Indian here who lived 2 years in Nepal. 

Faced 0 hate, everyone was absolutely loving and friendly, one time a Nepali guy in a bar called Fire Club literally jumped in front of my wife to protect her from a drunk guy about to molest her. So many people invited us to their homes for Diwali and Dushain because we were feeling homesick 

Nepalis are generous, friendly, loving and absolutely amazing people 

Enjoy your time in Nepal without trepidations | Nah, Nepalese won't hate Indians for no reason. The only reason there's a tension between these two countries is because of everything related to India, let me give you a common man's perspective particularly the recent developments: 

1. Our current PM Oli is basically useless even for us, but that doesn't mean we enjoy Indian media running lowest level of propaganda like Oli X Chinese Embassador.

2. How almost every common Indian thinks Nepal was a part of India, which has everything to do with again your media and teachings, there are even film directors casually saying this. 

3. Our Sovereignty is too sensitive to us, which is why we don't tolerate anything related to this.

4. The Border encroachment is a normal thing, we grew up hearing and facing this, and almost every Indians don't know about it. Our people of Terai/Southern regions know this pain really well. 

5. Lastly, the economic blockage which destroyed the already severed trust.

Now, every other reasons are beyond common/normal person, and they're more on the people who like to read stuffs, so let me not present them. 

Regarding if Nepalese would hate you, well in any of the reason about you don't see the Indian people as the cause, so you won't be hated. Few exceptions racist can be found everywhere, just ignore them. | Internally maybe? But most people will mind their own business.",https://www.reddit.com/r/Nepal/comments/1ghqm1i/will_i_get_hate_for_being_indian_in_nepal/
Nepal,How much to give to the deusi bhailo group? ,I give 50 rs / person in a group of teens (14-16 yrs old). Is it good enough?,1.0,5,0,5,9,"Depends on how much you can afford to give. There's no compulsion. Per person dina parcha vanne pani hunna.  Teenager bhura bhuri ko whole group lai Rs. 20 dida ni huncha, 50 dida ni huncha, 100 dida ni huncha, even 500 or 1000 if you are rich. | Whatever you can afford. | I prefer selroti than cash. | per person 50? | Give if you want, if not, then don't.",https://www.reddit.com/r/Nepal/comments/1gi1q14/how_much_to_give_to_the_deusi_bhailo_group/
Nepal,Kurtha sulwar or dh-oti as a cultural attire for tihar these days ?,"Isnâ€™t kurtha surwal an Indian outfit that people are now wearing during Tihar? It isnâ€™t traditionally part of Nepali culture; instead, dh-oti might be more culturally appropriate. People seem to be influenced by Indian social media and end up wearing these styles.
",0.43,0,0,0,34,"Why are Nepalese so obsessed with every topic that includes India. lol. Get some fresh air man. U r free to wear whatever u want.Â  | It is not â€œIndianâ€. In India, it was introduced by the Mughals and it is a common attire in many other countries. If it is comfortable to wear and if it makes them feel festive, why bother? It will also become a tradition in a few years. Thatâ€™s how it is. You canâ€™t want to keep people doing the same things forever. 

Mughals introduced Biryani, Samosa, Gulab jamun, Kofta, Kebab, gosht, Chicken tikka, Barfi, Sharbat, Phirni, and Shewai (Sheviyan). They also made their way to Nepal. Do you want to stop enjoying these delicacies as well?

Similarly, maize, tomato, potato, sweet potatoes, peanuts, chilli and many other vegetables were introduced by the Portuguese and British colonists to India, which are now important part of Nepali diet as well. Honestly, our diet would have been really boring had there been no cultural infusion from the south. 

I think panicking about these nuanced changes in culture is not worth it. We should focus more on trying to retain what is good for us and drop that are causing harm. | OP, you're writing this in English. Are you choosing to be influenced by one culture over the other while complaining about how others are influenced by a culture you don't agree with? | As long as some dress remain trending in nepali people's feeds in any social platform the dresses won't be going anywhere. There is no stopping to what people want to do and people will always want what looks aesthetically pleasing. I am even seeing some newaris wearing kurta suruwal. I thought they were very protective of their culture. I guess we can't stereotype people afterall | Mannn just let people wear whatever makes them happy . J pani yo bhayena tyo bhayena .",https://www.reddit.com/r/Nepal/comments/1gikbcs/kurtha_sulwar_or_dhoti_as_a_cultural_attire_for/
Nepal,"Saving in Nepal, which bank would be better","I am 21F and just started to earn some amount. I want to save the money. Whats the best way i can do that? I want to save around 10-15k monthly , where can i do it? If banks, which bank would be better option? I dont have much knowledge about share market and dont wanna take risk spending in it. What do you guys think is the best?",0.85,14,0,14,61,"Timro ghar najeek ko Bank is the best. Interest rates are determined by NRB, usually similar nai huncha so donâ€™t worry for that. Investment ko better opportunities are stocks,SIP, golds, silvers etc. Bank ma rakhera ahile ko state ma inflation beat hudaina, bad choice. Aru pani ways hola, study what works for you. But yes, opening a bank account is a good start. And remember, while saving, no amount is too less. | GLOBAL IME / NABIL BANK. | You have plenty of options, any classâ€“ A Bank should be a safe optionâ€¦ However, I suggest you avoid standard charter, because they have a really bad interest rate. Also do not listen to any social media/YouTube celebrities/influencers, EG Sanjog Koirala | Apart from your savings, invest in life insurance and CIT/SSF. Moving forward, these investments will help you greatly. It may seem like a small amount now, but you will thank yourself in 5-10 years. I'm sharing this as something I regret not doing. | Most of the the comments are of invest it in stocks  

But first you should open a bank account, aafno ghar bata jun najik cha tei, if najik ma aru pani bank cha vane, you can choose whom you wanna go with by their services, mobile banking and atm charges, interest rate and all  

secondly, don't listen to anyone who tells you to invest in stocks, it's your money, who should be the boss here, bank ma rakhera inflation beat gardaina, then nagaros, stock ma rakhera paisa dubnu vanda ta baru bank ko inflation beat nagarne interest rate nai ramro ho, since you earn decent amount and is capable of saving that much, aile suru ma inflation beat hunna, mero paisa ghatcha, don't worry about that  

and after you have pretty much amount, lets say 10k a month then after a year you have 120K, so then you should try FD or something like that if your savings stil continues, ( i hope it will and the saving amount increases) , then you tell your parents about your savings and the areas where you can safely invest them  

everyone is talking of stocks nowadays cause its like a bull market, but Nepal ko stock ma only few earns, paisa hareko kasaile ni vandaina yeta",https://www.reddit.com/r/Nepal/comments/1ghufb5/saving_in_nepal_which_bank_would_be_better/
Nepal,Finally Upper Mustang gayera aaeyo,,1.0,1,0,1,0,,https://www.reddit.com/r/Nepal/comments/1gibmei/finally_upper_mustang_gayera_aaeyo/
Nepal,Who should my grandmother stay with?,"So firstly hajurama ko 3 ota 4 ota xora hai ma chai jetho ko xora ho . Ama etro barsa gau mai basnu vo wai kanxi aunty saga basnu hunthyo  uncle kanxo uncle army ma hununxa bela bela chad parba ma ghar pugnu hunthyo. Aba baisakh bata kanxi aunty ni Kathmandu aunry kura gardai hununxa so ama pani aba kathmandu auna parney vo.
But tha problem is ko saga basnu hunxa naturally jetho saga basna parney ho huna ta tara still hamley ghar banauna sakeko xina we are still struggling financially plus mom pani knee ra stomach ko operation paxi dher kei kam garna saknu hunna so ama hami saga basnu vo vaney kura mildaina jasto lagxa. Tara aru saga basna ko lagi pani nobody is financially capable of building a home yet ani ama lai feri waah gauma sansarai thulo thauma gareko yaa ayera khinna lagxa.
Mailey chai k socheko vanda ama lai paila jastai kanxi aunty ja basnu hunxa tyai basnu vanney baru vai baini ni hernu hunxa kura ni ali milxa hamro vanda plus aunty katai na katai kam ma hinda ni vai harulai euta guardian ta hunxa .
Any suggestions what to do.",0.5,0,0,0,10,"yesto kura ta reddit ma random stranger haru snga suggestion maagnu ko satta, whole family sabai sngai basera sallah garnu parxa jasto laagxa. Hajurama ko maya lagxa vane palai paalo sabai le rakhda vayo.Â  | Baghban film herya Cha?Â  | rotation ma raakhne | Jaslai aama ko name ko property chahinxa usaile rakhxa | BAGHBANâ¤ï¸",https://www.reddit.com/r/Nepal/comments/1giau2y/who_should_my_grandmother_stay_with/
Nepal,Had a verbal-exchange with vegetable vendor ,"The so called 'viral' tarkariwala from Ganeshthan, Chabhil idk his sister or wife started cursing saying 'ChÂ£tiya and other shÂ£ts' 
I was shopping For flowers with my mom today morning, mom told to take out 'one jhuppa flowers' from the hook and immediately thought other jhuppa was nice, so she asked the woman to take out another ( we were buying two jhuppa) , now she started abusing saying kina nikalna lako, aba yo 1000 ko ni 1200 dinu and blah blah with very rude tone , i talked with mom 'kasto ho bolne somat ni navako' and now she started abusing me saying 'this and that' infront of my mother , the crowd was huge .. i also confronted 'yetro samaj sakshi cha euta bolne somat chaina' we didnt buy any flowers from there...and now this incident is stuck in my head..what to do ? How could you handle this better

P.s.: The viral guy was nice(didn't say anything) but his sister or his wife was rude",0.98,45,0,45,13,"You donâ€™t. You just walk away as soon as they start doing that or you apologize if you feel it was your fault. | You dont turn and bite a dog. You walk away. | You did good , confronted and left without buying. | Can you post a photo or point out specifically which vendor was this? so that I can avoid them for myself and future generations to come. | Thik garnu vayo Raju 

Paisa Ali badi vayesi aru aru Kura KO frustration Pani sano sano Kura ma pokhchan",https://www.reddit.com/r/Nepal/comments/1gho3bh/had_a_verbalexchange_with_vegetable_vendor/
Nepal,To the son/husband living in an arranged family.,"In joint family, how often do you get in a problem regarding this sasu buhari ko kach-kach ? They have not involved in this direct fight but both my mother and wife keep my ear filled with each otherâ€™s issues. And I can take none of the side. But I pretend to support parents when I am talking with them, and pretend supporting wife when I am with her. 
Malai ta yo 2 side balance garna last garho lagcha. Tapai haru ko pani kura sunam na. Ustai ho ki mero matrai tysto ho ??",0.96,47,0,47,57,"You are doing exactly what most probably do! Keep the peace. Your wife is the one having to live in your house with your parents so give her grace. Side with her when you can, because she has no one but you on her side in that house. Try to get your parents to see things from her perspective as well. Itâ€™s not easy having to live with your in-laws all day every day for the foreseeable future! | Nepali parents ra chora chori to problem nai yei ho. 

Why don't we normalise living seperate rather living together and trying to save money? 

Most buhari i talk to are ready to apply foreign studies so they don't have to live with their in laws. 

Parents le ni bujna khojdainan. 

We should normalise living seperately after marriage. Get an apartment | >Malai ta yo 2 side balance garna last garho lagcha. Tapai haru ko pani kura sunam na.

Move out.. get a separate place with your wife... she did the same. | The truth is now you have a new family and soon you will have kids if you guys want to. When you make it obvious to your parents that you are now an independent person with a new family unit to look after, they will back off. Otherwise you will face this tug of war for life. | Bihe nagarni lai Pani tension garni lai Pani tension 

K ho k",https://www.reddit.com/r/Nepal/comments/1ghnim0/to_the_sonhusband_living_in_an_arranged_family/
Nepal,Laptop freeze vako vai garcha,"4 years purano laptop cha hp ko. ekdam hang huncha, jaile pani suru garda 10 min lagcha majale chalna, ani feri bich bich ma freeze huna thalcha. kaile screen adkincha, kaile keyboard ma press gareko buttons process gardaina, kaile kei thichayo vane ghumeko ghumekai garcha. i really donâ€™t know whatâ€™s causing this. does anybody know any reputable good repair shops? thx! ",1.0,5,0,5,31,"Linux | time to switch to SSD. fresh install OS, maybe get some additional RAM and you will be good to go. | Laptop ko specs pani lekham na | hdd to ssd if thats the case gaming laptop ho bhane thermal paste change garne fans clean garne | My 10 year old HP laptop, running on puppy linux , it runs smooth . windows sucks! no additional RAM required. i recommend you lubuntu or mint.",https://www.reddit.com/r/Nepal/comments/1ghxfyx/laptop_freeze_vako_vai_garcha/
Nepal,Happy New Year! Nepal Sambat 1145,Happy Nepal New Year to everyone in this subreddit. Nhu Daya Bhintuna!,0.94,16,0,16,1,,https://www.reddit.com/r/Nepal/comments/1ghregp/happy_new_year_nepal_sambat_1145/
